--------------------------------------------------------
--  파일이 생성됨 - 목요일-11월-30-2023   
--------------------------------------------------------
DROP TABLE "AAA" cascade constraints;
DROP TABLE "대여기록" cascade constraints;
DROP TABLE "물품목록" cascade constraints;
DROP TABLE "신고기록" cascade constraints;
DROP TABLE "회원" cascade constraints;
--------------------------------------------------------
--  DDL for Table AAA
--------------------------------------------------------

  CREATE TABLE "AAA" 
   (	"A" VARCHAR2(10 BYTE), 
	"B" VARCHAR2(50 BYTE), 
	"C" DATE, 
	"F" NUMBER
   ) ;
--------------------------------------------------------
--  DDL for Table 대여기록
--------------------------------------------------------

  CREATE TABLE "대여기록" 
   (	"물품코드" NUMBER, 
	"물품명" VARCHAR2(100 BYTE), 
	"대여시작날짜" DATE, 
	"대여반납예정일" DATE, 
	"소유자" VARCHAR2(50 BYTE), 
	"대여자" VARCHAR2(50 BYTE), 
	"반납상태" VARCHAR2(20 BYTE)
   ) ;
--------------------------------------------------------
--  DDL for Table 물품목록
--------------------------------------------------------

  CREATE TABLE "물품목록" 
   (	"물품코드" NUMBER, 
	"카테고리" VARCHAR2(50 BYTE), 
	"물품명" VARCHAR2(100 BYTE), 
	"렌트기한" DATE, 
	"모델명" VARCHAR2(100 BYTE), 
	"대여료" NUMBER, 
	"보증금" NUMBER, 
	"설명" VARCHAR2(200 BYTE), 
	"소유주" VARCHAR2(50 BYTE), 
	"대여상태" VARCHAR2(20 BYTE), 
	"예약자" VARCHAR2(50 BYTE), 
	"대여자" VARCHAR2(50 BYTE), 
	"첨부" VARCHAR2(150 BYTE)
   ) ;
--------------------------------------------------------
--  DDL for Table 신고기록
--------------------------------------------------------

  CREATE TABLE "신고기록" 
   (	"신고번호" NUMBER, 
	"물품코드" NUMBER, 
	"물품명" VARCHAR2(50 BYTE), 
	"신고분류" VARCHAR2(50 BYTE), 
	"처리상태" VARCHAR2(20 BYTE), 
	"신고메세지" VARCHAR2(200 BYTE), 
	"작성자" VARCHAR2(50 BYTE)
   ) ;
--------------------------------------------------------
--  DDL for Table 회원
--------------------------------------------------------

  CREATE TABLE "회원" 
   (	"아이디" VARCHAR2(50 BYTE), 
	"비밀번호" VARCHAR2(40 BYTE), 
	"별명" VARCHAR2(50 BYTE), 
	"이름" VARCHAR2(30 BYTE), 
	"생년월일" VARCHAR2(30 BYTE), 
	"성별" VARCHAR2(10 BYTE), 
	"전화번호" VARCHAR2(30 BYTE), 
	"주소" VARCHAR2(100 BYTE), 
	"이메일" VARCHAR2(100 BYTE), 
	"대여상태" VARCHAR2(20 BYTE), 
	"은행" VARCHAR2(30 BYTE), 
	"계좌번호" NUMBER(30,0)
   ) ;
REM INSERTING into AAA
SET DEFINE OFF;
Insert into AAA (A,B,C,F) values ('item1','user1',to_date('23/10/15','RR/MM/DD'),1);
REM INSERTING into "대여기록"
SET DEFINE OFF;
Insert into "대여기록" ("물품코드","물품명","대여시작날짜","대여반납예정일","소유자","대여자","반납상태") values (1,'노트북',to_date('23/10/15','RR/MM/DD'),to_date('23/10/25','RR/MM/DD'),'asd1','asd4','반납완료');
Insert into "대여기록" ("물품코드","물품명","대여시작날짜","대여반납예정일","소유자","대여자","반납상태") values (3,'드레스',to_date('23/10/18','RR/MM/DD'),to_date('23/10/28','RR/MM/DD'),'asd3','asd4','대여중');
Insert into "대여기록" ("물품코드","물품명","대여시작날짜","대여반납예정일","소유자","대여자","반납상태") values (5,'소설',to_date('23/10/17','RR/MM/DD'),to_date('23/10/27','RR/MM/DD'),'asd5','asd1','반납완료');
REM INSERTING into "물품목록"
SET DEFINE OFF;
Insert into "물품목록" ("물품코드","카테고리","물품명","렌트기한","모델명","대여료","보증금","설명","소유주","대여상태","예약자","대여자","첨부") values (1,'전자제품','노트북',to_date('23/10/25','RR/MM/DD'),'Dell XPS 15',3000,50,'123','asd1','대여중',null,'asd4','src/images/dell_xps_15.jpg');
Insert into "물품목록" ("물품코드","카테고리","물품명","렌트기한","모델명","대여료","보증금","설명","소유주","대여상태","예약자","대여자","첨부") values (2,'가전제품','냉장고',to_date('23/10/20','RR/MM/DD'),'Samsung RS27T5200',4000,60,'243','asd2','대여가능',null,null,'src/images/Smile.jpg');
Insert into "물품목록" ("물품코드","카테고리","물품명","렌트기한","모델명","대여료","보증금","설명","소유주","대여상태","예약자","대여자","첨부") values (3,'의류','드레스',to_date('23/10/28','RR/MM/DD'),'Elegant Evening Gown',2500,30,'345','asd3','대여중',null,'asd1','src/images/dell_xps_15.jpg');
Insert into "물품목록" ("물품코드","카테고리","물품명","렌트기한","모델명","대여료","보증금","설명","소유주","대여상태","예약자","대여자","첨부") values (4,'스포츠용품','자전거',to_date('23/10/22','RR/MM/DD'),'Trek FX 3 Disc',2000,25,'456','asd4','대여가능',null,null,'src/images/dell_xps_15.jpg');
Insert into "물품목록" ("물품코드","카테고리","물품명","렌트기한","모델명","대여료","보증금","설명","소유주","대여상태","예약자","대여자","첨부") values (5,'도서','소설책',to_date('23/10/27','RR/MM/DD'),'The Great Gatsby',1500,20,'456','asd5','대여가능',null,'asd5','src/images/dell_xps_15.jpg');
Insert into "물품목록" ("물품코드","카테고리","물품명","렌트기한","모델명","대여료","보증금","설명","소유주","대여상태","예약자","대여자","첨부") values (11,'전자제품','노트북',to_date('23/10/25','RR/MM/DD'),'Dell XPS 15',3000,50,'57','asd1','대여중',null,'asd4','src/images/dell_xps_15.jpg');
Insert into "물품목록" ("물품코드","카테고리","물품명","렌트기한","모델명","대여료","보증금","설명","소유주","대여상태","예약자","대여자","첨부") values (21,'가전제품','냉장고',to_date('23/10/20','RR/MM/DD'),'Samsung RS27T5200',4000,60,'687','asd2','대여가능',null,null,'src/images/dell_xps_15.jpg');
Insert into "물품목록" ("물품코드","카테고리","물품명","렌트기한","모델명","대여료","보증금","설명","소유주","대여상태","예약자","대여자","첨부") values (512,'도서','소설책',to_date('23/10/27','RR/MM/DD'),'The Great Gatsby',1500,20,null,'asd5','대여가능',null,'asd5',null);
Insert into "물품목록" ("물품코드","카테고리","물품명","렌트기한","모델명","대여료","보증금","설명","소유주","대여상태","예약자","대여자","첨부") values (513,'도서','소설책',to_date('23/10/27','RR/MM/DD'),'The Great Gatsby',1500,20,null,'asd5','대여가능',null,'asd3',null);
Insert into "물품목록" ("물품코드","카테고리","물품명","렌트기한","모델명","대여료","보증금","설명","소유주","대여상태","예약자","대여자","첨부") values (514,'도서','소설책',to_date('23/10/27','RR/MM/DD'),'The Great Gatsby',1500,20,null,'asd1','대여가능',null,'asd5',null);
Insert into "물품목록" ("물품코드","카테고리","물품명","렌트기한","모델명","대여료","보증금","설명","소유주","대여상태","예약자","대여자","첨부") values (515,'도서','소설책',to_date('23/10/27','RR/MM/DD'),'The Great Gatsby',1500,20,null,'asd5','대여가능',null,'asd4',null);
Insert into "물품목록" ("물품코드","카테고리","물품명","렌트기한","모델명","대여료","보증금","설명","소유주","대여상태","예약자","대여자","첨부") values (523,'전자제품','갤럭시',to_date('23/10/17','RR/MM/DD'),'The Great Gatsby',1500,20,null,'asd5','대여가능',null,'asd3',null);
Insert into "물품목록" ("물품코드","카테고리","물품명","렌트기한","모델명","대여료","보증금","설명","소유주","대여상태","예약자","대여자","첨부") values (544,'전자제품','키보드',to_date('23/09/27','RR/MM/DD'),'The Great Gatsby',1500,20,null,'asd1','대여가능',null,'asd5',null);
Insert into "물품목록" ("물품코드","카테고리","물품명","렌트기한","모델명","대여료","보증금","설명","소유주","대여상태","예약자","대여자","첨부") values (555,'전자제품','마우스',to_date('23/11/27','RR/MM/DD'),'The Great Gatsby',1500,20,null,'asd5','대여가능',null,'asd4',null);
REM INSERTING into "신고기록"
SET DEFINE OFF;
Insert into "신고기록" ("신고번호","물품코드","물품명","신고분류","처리상태","신고메세지","작성자") values (1,2,'냉장고','파손된 물품','처리완료','물품 파손 신고',null);
Insert into "신고기록" ("신고번호","물품코드","물품명","신고분류","처리상태","신고메세지","작성자") values (2,4,'자전거','허위물품','처리중','허위 물품 신고합니다!',null);
Insert into "신고기록" ("신고번호","물품코드","물품명","신고분류","처리상태","신고메세지","작성자") values (3,5,'소설','연락두절','처리완료','연락두절!',null);
Insert into "신고기록" ("신고번호","물품코드","물품명","신고분류","처리상태","신고메세지","작성자") values (4,2,'냉장고','기타','처리중','냉장고에 음식물쓰레기 있습니다.',null);
Insert into "신고기록" ("신고번호","물품코드","물품명","신고분류","처리상태","신고메세지","작성자") values (5,1,'노트북','과한금액/보증금','신청','적혀있는 금액보다 더 달라고 합니다.',null);
REM INSERTING into "회원"
SET DEFINE OFF;
Insert into "회원" ("아이디","비밀번호","별명","이름","생년월일","성별","전화번호","주소","이메일","대여상태","은행","계좌번호") values ('1','1','1','1','123','남자','010-1234-322','4124',null,'대여가능',null,null);
Insert into "회원" ("아이디","비밀번호","별명","이름","생년월일","성별","전화번호","주소","이메일","대여상태","은행","계좌번호") values ('asd1','pa1','asdf','김형근','1990-05-15','남성','010-1234-5678','서울시 강남구','user1@example.com','대여가능','국민은행',1234567890);
Insert into "회원" ("아이디","비밀번호","별명","이름","생년월일","성별","전화번호","주소","이메일","대여상태","은행","계좌번호") values ('asd2','pa2','사용자2','이영희','1985-08-20','여성','010-9876-5432','서울시 강동구','user2@example.com','대여중','우리은행',9876543210);
Insert into "회원" ("아이디","비밀번호","별명","이름","생년월일","성별","전화번호","주소","이메일","대여상태","은행","계좌번호") values ('asd3','pa3','사용자3','박철수','1993-02-10','남성','010-5555-7777','부산시 해운대구','user3@example.com','대여가능','신한은행',1357924680);
Insert into "회원" ("아이디","비밀번호","별명","이름","생년월일","성별","전화번호","주소","이메일","대여상태","은행","계좌번호") values ('asd4','pa4','사용자4','정영희','1980-12-25','여성','010-2222-8888','인천시 남동구','user4@example.com','대여중','하나은행',2468135790);
Insert into "회원" ("아이디","비밀번호","별명","이름","생년월일","성별","전화번호","주소","이메일","대여상태","은행","계좌번호") values ('asd5','pa5','사용자5','이철수','1975-07-30','남성','010-3333-9999','대구시 중구','user5@example.com','대여가능','농협은행',987654321);
Insert into "회원" ("아이디","비밀번호","별명","이름","생년월일","성별","전화번호","주소","이메일","대여상태","은행","계좌번호") values ('12','12','23','23','232332','남자','010-3211-2312','213',null,'대여가능',null,null);
Insert into "회원" ("아이디","비밀번호","별명","이름","생년월일","성별","전화번호","주소","이메일","대여상태","은행","계좌번호") values ('123','23','23','23','32','남자','010-1232-1313','23','123213213213','대여가능',null,null);
--------------------------------------------------------
--  DDL for Index SYS_C009030
--------------------------------------------------------

  CREATE UNIQUE INDEX "SYS_C009030" ON "회원" ("아이디") 
  ;
--------------------------------------------------------
--  DDL for Index SYS_C009032
--------------------------------------------------------

  CREATE UNIQUE INDEX "SYS_C009032" ON "물품목록" ("물품코드") 
  ;

--------------------------------------------------------
--  DDL for Index SYS_C009039
--------------------------------------------------------

  CREATE UNIQUE INDEX "SYS_C009039" ON "신고기록" ("신고번호") 
  ;

--------------------------------------------------------
--  DDL for Index SYS_C009032
--------------------------------------------------------

  CREATE UNIQUE INDEX "SYS_C009032" ON "물품목록" ("물품코드") 
  ;
--------------------------------------------------------
--  DDL for Index SYS_C009039
--------------------------------------------------------

  CREATE UNIQUE INDEX "SYS_C009039" ON "신고기록" ("신고번호") 
  ;
--------------------------------------------------------
--  DDL for Index SYS_C009030
--------------------------------------------------------

  CREATE UNIQUE INDEX "SYS_C009030" ON "회원" ("아이디") 
  ;
--------------------------------------------------------
--  Constraints for Table 대여기록
--------------------------------------------------------

  ALTER TABLE "대여기록" ADD PRIMARY KEY ("물품코드")
  USING INDEX  ENABLE;
--------------------------------------------------------
--  Constraints for Table 물품목록
--------------------------------------------------------

  ALTER TABLE "물품목록" MODIFY ("소유주" NOT NULL ENABLE);
  ALTER TABLE "물품목록" ADD PRIMARY KEY ("물품코드")
  USING INDEX  ENABLE;
--------------------------------------------------------
--  Constraints for Table 신고기록
--------------------------------------------------------

  ALTER TABLE "신고기록" ADD PRIMARY KEY ("신고번호")
  USING INDEX  ENABLE;
--------------------------------------------------------
--  Constraints for Table 회원
--------------------------------------------------------

  ALTER TABLE "회원" ADD PRIMARY KEY ("아이디")
  USING INDEX  ENABLE;
--------------------------------------------------------
--  Ref Constraints for Table 대여기록
--------------------------------------------------------

  ALTER TABLE "대여기록" ADD CONSTRAINT "FK_물품목록_대여기록" FOREIGN KEY ("물품코드")
	  REFERENCES "물품목록" ("물품코드") ENABLE;
  ALTER TABLE "대여기록" ADD CONSTRAINT "FK_회원_대여기록_소유자" FOREIGN KEY ("소유자")
	  REFERENCES "회원" ("아이디") ENABLE;
  ALTER TABLE "대여기록" ADD CONSTRAINT "FK_회원_대여기록_대여자" FOREIGN KEY ("대여자")
	  REFERENCES "회원" ("아이디") ENABLE;
--------------------------------------------------------
--  Ref Constraints for Table 물품목록
--------------------------------------------------------

  ALTER TABLE "물품목록" ADD CONSTRAINT "FK_물품_회원_소유자" FOREIGN KEY ("소유주")
	  REFERENCES "회원" ("아이디") ENABLE;
  ALTER TABLE "물품목록" ADD CONSTRAINT "FK_물품_회원_대여자" FOREIGN KEY ("대여자")
	  REFERENCES "회원" ("아이디") ENABLE;
--------------------------------------------------------
--  Ref Constraints for Table 신고기록
--------------------------------------------------------

  ALTER TABLE "신고기록" ADD CONSTRAINT "FK_작성자_신고기록" FOREIGN KEY ("작성자")
	  REFERENCES "회원" ("아이디") ENABLE;
  ALTER TABLE "신고기록" ADD CONSTRAINT "FK_물품목록_신고기록" FOREIGN KEY ("물품코드")
	  REFERENCES "물품목록" ("물품코드") ENABLE;
